<?xml version="1.0" encoding="UTF-8"?>
<facelet-taglib 
    xmlns="http://java.sun.com/xml/ns/javaee"
    xmlns:xsi="http://www.w3.org/2001/XMLSchema-instance"
    xsi:schemaLocation="http://xmlns.jcp.org/xml/ns/javaee http://xmlns.jcp.org/xml/ns/javaee/web-facelettaglibrary_2_2.xsd"
    version="2.2">

    <namespace>http://java.sun.com/jsf/composite/bprcomponentes</namespace>
	<description>Bibliotecas de componentes customizados Brasilprev.</description>

	<tag>
        <tag-name>autocompleteBancos</tag-name>
        <component>
        	<component-type>resources/bprcomponentes/autocompleteBancos.xhtml</component-type>
        </component>
        <attribute>
        	<required>true</required>
        	<description>
        		O nome do identificador do campo na tela. Semelhante ao atributo id.
        	</description> 
 			<name>nome</name>
 			<type>java.lang.String</type>
 		</attribute>
 		<attribute>
 			<required>true</required>
        	<description>
        		O objeto br.com.brasilprev.bprfinanceiro.common.vo.BancoVO selecionado da lista.
        	</description> 
 			<name>variavelRetorno</name> 
 			<type>java.lang.String</type>
 		</attribute>
 		<attribute>
        	<required>true</required>
			<description>
				O nome do identificador que exibirá na tela o banco selecionado da lista.
			</description> 
 			<name>atualizarId</name> 
 			<type>java.lang.String</type>
 		</attribute>
 		<attribute>
        	<description>
        		O valor do tamanho do campo. O padrão é 25.
        	</description> 
 			<name>sizeInput</name> 
 			<type>java.lang.String</type>
 		</attribute>
        <attribute>
            <description>
                Desabilita o campo AutoCompleteBanco.
            </description> 
            <name>disabled</name> 
            <type>java.lang.String</type>
        </attribute>        
    </tag>
    <tag>
        <tag-name>inputCep</tag-name>
        <component>
        	<component-type>resources/bprcomponentes/inputCep.xhtml</component-type>
        </component>
        <attribute>
        	<required>true</required>
        	<description>
        		O nome do identificador do campo na tela. Semelhante ao atributo id.
        	</description> 
 			<name>nome</name> 
 			<type>java.lang.String</type>
 		</attribute>
 		<attribute>
        	<required>true</required>
			<description>
				O campo do bean que receberá o retorno.
			</description> 
 			<name>value</name> 
 			<type>java.lang.String</type>
 		</attribute>
 		<attribute>
        	<description>
        		O nome dos validators para validações. Múltiplos validators devem ser separados por vírgula.
        		Exemplo: validators="notNullValidator, stringVaziaValidator"; 
        	</description>
 			<name>validators</name>
 			<type>java.lang.String</type>
 		</attribute>
 		<attribute>
            <required>false</required>
            <description>
                Atributo que define uma marca d'agua para o input.
            </description> 
            <name>watermark</name> 
            <type>java.lang.String</type>
        </attribute>
    </tag>
    <tag>
        <tag-name>inputPeriodo</tag-name>
        <component>
            <component-type>resources/bprcomponentes/inputPeriodo.xhtml</component-type>
        </component>
        <attribute>
            <required>true</required>
            <description>
                O nome do identificador do campo na tela. Semelhante ao atributo id.
            </description> 
            <name>nome</name> 
            <type>java.lang.String</type>
        </attribute>
        <attribute>
            <required>true</required>
            <description>
                O campo do bean que receberá o retorno.
            </description> 
            <name>de</name> 
            <type>java.lang.String</type>
        </attribute>
        <attribute>
            <required>false</required>
            <description>
                O campo do bean que receberá o retorno.
            </description> 
            <name>ate</name> 
            <type>java.lang.String</type>
        </attribute>
        <attribute>
            <required>true</required>
            <description>
                O campo do bean que receberá o retorno.
            </description> 
            <name>largura</name> 
            <type>java.lang.String</type>
        </attribute>
    </tag>
    <tag>
        <tag-name>inputCnpj</tag-name>
        <component>
        	<component-type>resources/bprcomponentes/inputCnpj.xhtml</component-type>
        </component>
        <attribute>
        	<required>true</required>
        	<description>
        		O nome do identificador do campo na tela. Semelhante ao atributo id.
        	</description> 
 			<name>nome</name> 
 			<type>java.lang.String</type>
 		</attribute>
 		<attribute>
        	<required>true</required>
			<description>
				O campo do bean que receberá o retorno.
			</description> 
 			<name>value</name> 
 			<type>java.lang.String</type>
 		</attribute>
 		<attribute>
        	<description>
        		O nome dos validators para validações. Múltiplos validators devem ser separados por vírgula.
        		Exemplo: validators="notNullValidator, stringVaziaValidator"; 
        	</description>
 			<name>validators</name>
 			<type>java.lang.String</type>
 		</attribute>
 		<attribute>
            <required>false</required>
            <description>
                Atributo que define uma marca d'agua para o input.
            </description> 
            <name>watermark</name> 
            <type>java.lang.String</type>
        </attribute>
    </tag>
    <tag>
        <tag-name>inputCpf</tag-name>
        <component>
        	<component-type>resources/bprcomponentes/inputCpf.xhtml</component-type>
        </component>
        <attribute>
        	<required>true</required>
        	<description>
        		O nome do identificador do campo na tela. Semelhante ao atributo id.
        	</description> 
 			<name>nome</name> 
 			<type>java.lang.String</type>
 		</attribute>
 		<attribute>
        	<required>true</required>
			<description>
				O campo do bean que receberá o retorno.
			</description> 
 			<name>value</name> 
 			<type>java.lang.String</type>
 		</attribute>
 		<attribute>
        	<description>
        		O nome dos validators para validações. Múltiplos validators devem ser separados por vírgula.
        		Exemplo: validators="notNullValidator, stringVaziaValidator"; 
        	</description>
 			<name>validators</name>
 			<type>java.lang.String</type>
 		</attribute>
 		<attribute>
            <required>false</required>
            <description>
                Atributo que define uma marca d'agua para o input.
            </description> 
            <name>watermark</name> 
            <type>java.lang.String</type>
        </attribute>
    </tag>
    <tag>
        <tag-name>inputData</tag-name>
        <component>
        	<component-type>resources/bprcomponentes/inputData.xhtml</component-type>
        </component>
        <attribute>
        	<required>true</required>
        	<description>
        		O nome do identificador do campo na tela. Semelhante ao atributo id.
        	</description> 
 			<name>nome</name> 
 			<type>java.lang.String</type>
 		</attribute>
 		<attribute>
        	<required>true</required>
			<description>
				O campo do bean que receberá o retorno.
			</description> 
 			<name>value</name> 
 			<type>java.lang.String</type>
 		</attribute>
 		<attribute>
        	<description>
        		O nome dos validators para validações. Múltiplos validators devem ser separados por vírgula.
        		Exemplo: validators="notNullValidator, stringVaziaValidator"; 
        	</description>
 			<name>validators</name>
 			<type>java.lang.String</type>
 		</attribute>
 		<attribute>
            <required>false</required>
            <description>
                Atributo que define uma marca d'agua para o input.
            </description> 
            <name>watermark</name> 
            <type>java.lang.String</type>
        </attribute>
        <attribute>
            <required>false</required>
            <description>
                Atributo que define o tamanho do campo data (Default 10)
            </description> 
            <name>tamanho</name> 
            <type>java.lang.Integer</type>
        </attribute>
    </tag>
    <tag>
        <tag-name>inputFatorAtuarial</tag-name>
        <component>
        	<component-type>resources/bprcomponentes/inputFatorAtuarial.xhtml</component-type>
        </component>
        <attribute>
        	<required>true</required>
        	<description>
        		O nome do identificador do campo na tela. Semelhante ao atributo id.
        	</description> 
 			<name>nome</name> 
 			<type>java.lang.String</type>
 		</attribute>
 		<attribute>
        	<required>true</required>
			<description>
				O campo do bean que receberá o retorno.
			</description> 
 			<name>value</name> 
 			<type>java.lang.String</type>
 		</attribute>
 		<attribute>
        	<description>
        		O nome dos validators para validações. Múltiplos validators devem ser separados por vírgula.
        		Exemplo: validators="notNullValidator, stringVaziaValidator"; 
        	</description>
 			<name>validators</name>
 			<type>java.lang.String</type>
 		</attribute>
 		<attribute>
            <required>false</required>
            <description>
                Atributo que define uma marca d'agua para o input.
            </description> 
            <name>watermark</name> 
            <type>java.lang.String</type>
        </attribute>
    </tag>
    <tag>
        <tag-name>inputIndexador</tag-name>
        <component>
        	<component-type>resources/bprcomponentes/inputIndexador.xhtml</component-type>
        </component>
         <attribute>
        	<required>true</required>
        	<description>
        		O nome do identificador do campo na tela. Semelhante ao atributo id.
        	</description> 
 			<name>nome</name> 
 			<type>java.lang.String</type>
 		</attribute>
 		<attribute>
        	<required>true</required>
			<description>
				O campo do bean que receberá o retorno.
			</description> 
 			<name>value</name> 
 			<type>java.lang.String</type>
 		</attribute>
 		<attribute>
        	<description>
        		O nome dos validators para validações. Múltiplos validators devem ser separados por vírgula.
        		Exemplo: validators="notNullValidator, stringVaziaValidator"; 
        	</description>
 			<name>validators</name>
 			<type>java.lang.String</type>
 		</attribute>
 		<attribute>
            <required>false</required>
            <description>
                Atributo que define uma marca d'agua para o input.
            </description> 
            <name>watermark</name> 
            <type>java.lang.String</type>
        </attribute>
    </tag>
    <tag>
        <tag-name>inputInteiro</tag-name>
        <component>
        	<component-type>resources/bprcomponentes/inputInteiro.xhtml</component-type>
        </component>
         <attribute>
        	<required>true</required>
        	<description>
        		O nome do identificador do campo na tela. Semelhante ao atributo id.
        	</description> 
 			<name>nome</name> 
 			<type>java.lang.String</type>
 		</attribute>
 		<attribute>
        	<required>true</required>
			<description>
				O campo do bean que receberá o retorno.
			</description> 
 			<name>value</name> 
 			<type>java.lang.String</type>
 		</attribute>
 		<attribute>
        	<description>
        		O nome dos validators para validações. Múltiplos validators devem ser separados por vírgula.
        		Exemplo: validators="notNullValidator, stringVaziaValidator"; 
        	</description>
 			<name>validators</name>
 			<type>java.lang.String</type>
 		</attribute>
 		<attribute>
 			<attribute-extension> 
				<default-value>8</default-value> 
			</attribute-extension> 
 			<description>
 				O valor da quantidade permitida de casas inteiras.
 			</description> 
 			<name>tamanho</name>
 			<type>java.lang.String</type>
 		</attribute>
 		<attribute>
            <required>false</required>
            <description>
                Atributo que define uma marca d'agua para o input.
            </description> 
            <name>watermark</name> 
            <type>java.lang.String</type>
        </attribute>
        <attribute>
            <description>
                Atributo que desabilita o campo.
            </description> 
            <name>desabilitar</name> 
            <type>java.lang.String</type>
        </attribute>
    </tag>
    <tag>
        <tag-name>inputPercentual</tag-name>
        <component>
        	<component-type>resources/bprcomponentes/inputPercentual.xhtml</component-type>
        </component>
        <attribute>
        	<required>true</required>
        	<description>
        		O nome do identificador do campo na tela. Semelhante ao atributo id.
        	</description> 
 			<name>nome</name> 
 			<type>java.lang.String</type>
 		</attribute>
 		<attribute>
        	<required>true</required>
			<description>
				O campo do bean que receberá o retorno.
			</description> 
 			<name>value</name> 
 			<type>java.lang.String</type>
 		</attribute>
 		<attribute>
        	<description>
        		O nome dos validators para validações. Múltiplos validators devem ser separados por vírgula.
        		Exemplo: validators="notNullValidator, stringVaziaValidator"; 
        	</description>
 			<name>validators</name>
 			<type>java.lang.String</type>
 		</attribute>
 		<attribute>
        	<description>
        		O valor mínimo que o campo deve aceitar para o percentual.
        	</description> 
 			<name>min</name>
 			<type>java.lang.String</type>
 		</attribute>
 		<attribute>
        	<description>
        		O valor máximo que o campo deve aceitar para o percentual.
        	</description> 
 			<name>max</name>
 			<type>java.lang.String</type>
 		</attribute>
 		<attribute>
            <required>false</required>
            <description>
                Atributo que define uma marca d'agua para o input.
            </description> 
            <name>watermark</name> 
            <type>java.lang.String</type>
        </attribute>
    </tag>
    <tag>
        <tag-name>inputProbabilidadeAtuarial</tag-name>
        <component>
        	<component-type>resources/bprcomponentes/inputProbabilidadeAtuarial.xhtml</component-type>
        </component>
        <attribute>
        	<required>true</required>
        	<description>
        		O nome do identificador do campo na tela. Semelhante ao atributo id.
        	</description> 
 			<name>nome</name> 
 			<type>java.lang.String</type>
 		</attribute>
 		<attribute>
        	<required>true</required>
			<description>
				O campo do bean que receberá o retorno.
			</description> 
 			<name>value</name> 
 			<type>java.lang.String</type>
 		</attribute>
 		<attribute>
        	<description>
        		O nome dos validators para validações. Múltiplos validators devem ser separados por vírgula.
        		Exemplo: validators="notNullValidator, stringVaziaValidator"; 
        	</description>
 			<name>validators</name>
 			<type>java.lang.String</type>
 		</attribute>
 		<attribute>
            <required>false</required>
            <description>
                Atributo que define uma marca d'agua para o input.
            </description> 
            <name>watermark</name> 
            <type>java.lang.String</type>
        </attribute>
    </tag>
    <tag>
        <tag-name>inputQuantidadeCota</tag-name>
        <component>
        	<component-type>resources/bprcomponentes/inputQuantidadeCota.xhtml</component-type>
        </component>
        <attribute>
        	<required>true</required>
        	<description>
        		O nome do identificador do campo na tela. Semelhante ao atributo id.
        	</description> 
 			<name>nome</name> 
 			<type>java.lang.String</type>
 		</attribute>
 		<attribute>
        	<required>true</required>
			<description>
				O campo do bean que receberá o retorno.
			</description> 
 			<name>value</name> 
 			<type>java.lang.String</type>
 		</attribute>
 		<attribute>
        	<description>
        		O nome dos validators para validações. Múltiplos validators devem ser separados por vírgula.
        		Exemplo: validators="notNullValidator, stringVaziaValidator"; 
        	</description>
 			<name>validators</name>
 			<type>java.lang.String</type>
 		</attribute>
 		<attribute>
            <required>false</required>
            <description>
                Atributo que define uma marca d'agua para o input.
            </description> 
            <name>watermark</name> 
            <type>java.lang.String</type>
        </attribute>
    </tag>
    <tag>
        <tag-name>inputTaxa</tag-name>
        <component>
        	<component-type>resources/bprcomponentes/inputTaxa.xhtml</component-type>
        </component>
        <attribute>
        	<required>true</required>
        	<description>
        		O nome do identificador do campo na tela. Semelhante ao atributo id.
        	</description> 
 			<name>nome</name> 
 			<type>java.lang.String</type>
 		</attribute>
 		<attribute>
        	<required>true</required>
			<description>
				O campo do bean que receberá o retorno.
			</description> 
 			<name>value</name> 
 			<type>java.lang.String</type>
 		</attribute>
 		<attribute>
        	<description>
        		O nome dos validators para validações. Múltiplos validators devem ser separados por vírgula.
        		Exemplo: validators="notNullValidator, stringVaziaValidator"; 
        	</description>
 			<name>validators</name>
 			<type>java.lang.String</type>
 		</attribute>
 		<attribute>
            <required>false</required>
            <description>
                Atributo que define uma marca d'agua para o input.
            </description> 
            <name>watermark</name> 
            <type>java.lang.String</type>
        </attribute>
    </tag>
    <tag>
        <tag-name>inputTextarea</tag-name>
        <component>
        	<component-type>resources/bprcomponentes/inputTextarea.xhtml</component-type>
        </component>
        <attribute>
        	<required>true</required>
        	<description>
        		O nome do identificador do campo na tela. Semelhante ao atributo id.
        	</description> 
 			<name>nome</name> 
 			<type>java.lang.String</type>
 		</attribute>
 		<attribute>
        	<required>true</required>
			<description>
				O campo do bean que receberá o retorno.
			</description> 
 			<name>value</name> 
 			<type>java.lang.String</type>
 		</attribute>
 		<attribute>
 			<attribute-extension> 
				<default-value>4</default-value> 
			</attribute-extension> 
 			<description>
 				O valor para o tamanho das linhas.
 			</description> 
 			<name>rows</name>
 			<type>java.lang.String</type>
 		</attribute>
 		<attribute>
 			<attribute-extension> 
				<default-value>50</default-value> 
			</attribute-extension> 
 			<description>
 				O valor para o tamanho das colunas.
 			</description> 
 			<name>cols</name>
 			<type>java.lang.String</type>
 		</attribute>
    </tag>
    <tag>
        <tag-name>inputValorCota</tag-name>
        <component>
        	<component-type>resources/bprcomponentes/inputValorCota.xhtml</component-type>
        </component>
        <attribute>
        	<required>true</required>
        	<description>
        		O nome do identificador do campo na tela. Semelhante ao atributo id.
        	</description> 
 			<name>nome</name> 
 			<type>java.lang.String</type>
 		</attribute>
 		<attribute>
        	<required>true</required>
			<description>
				O campo do bean que receberá o retorno.
			</description> 
 			<name>value</name> 
 			<type>java.lang.String</type>
 		</attribute>
 		<attribute>
        	<description>
        		O nome dos validators para validações. Múltiplos validators devem ser separados por vírgula.
        		Exemplo: validators="notNullValidator, stringVaziaValidator"; 
        	</description>
 			<name>validators</name>
 			<type>java.lang.String</type>
 		</attribute>
 		<attribute>
            <required>false</required>
            <description>
                Atributo que define uma marca d'agua para o input.
            </description> 
            <name>watermark</name> 
            <type>java.lang.String</type>
        </attribute>
    </tag>
    <tag>
        <tag-name>inputValorMonetario</tag-name>
        <component>
        	<component-type>resources/bprcomponentes/inputValorMonetario.xhtml</component-type>
        </component>
        <attribute>
        	<required>true</required>
        	<description>
        		O nome do identificador do campo na tela. Semelhante ao atributo id.
        	</description> 
 			<name>nome</name> 
 			<type>java.lang.String</type>
 		</attribute>
 		<attribute>
        	<required>true</required>
			<description>
				O campo do bean que receberá o retorno.
			</description> 
 			<name>value</name> 
 			<type>java.lang.String</type>
 		</attribute>
 		<attribute>
        	<description>
        		O nome dos validators para validações. Múltiplos validators devem ser separados por vírgula.
        		Exemplo: validators="notNullValidator, stringVaziaValidator"; 
        	</description>
 			<name>validators</name>
 			<type>java.lang.String</type>
 		</attribute>
 		<attribute>
            <required>false</required>
            <description>
                Atributo que define uma marca d'agua para o input.
            </description> 
            <name>watermark</name> 
            <type>java.lang.String</type>
        </attribute>
        <attribute>
            <description>
                Atributo que desabilita o campo.
            </description> 
            <name>desabilitar</name> 
            <type>java.lang.String</type>
        </attribute>        
    </tag>
    <tag>
        <tag-name>modalDiasUteis</tag-name>
        <component>
        	<component-type>resources/bprcomponentes/modalDiasUteis.xhtml</component-type>
        </component>
        <attribute>
 			<required>true</required>
        	<description>
        		O objeto Date selecionado da lista.
        	</description> 
 			<name>variavelRetorno</name> 
 			<type>java.lang.String</type>
 		</attribute>
 		<attribute>
        	<required>true</required>
			<description>
				O nome do identificador que exibirá na tela a data selecionada da lista.
			</description> 
 			<name>atualizarId</name> 
 			<type>java.lang.String</type>
 		</attribute>
    </tag>
</facelet-taglib>