<?xml version="1.0" encoding="UTF-8"?>
<faces-config version="2.0" xmlns="http://java.sun.com/xml/ns/javaee" 
    xmlns:xi="http://www.w3.org/2001/XInclude" xmlns:xsi="http://www.w3.org/2001/XMLSchema-instance" 
    xsi:schemaLocation="http://java.sun.com/xml/ns/javaee http://java.sun.com/xml/ns/javaee/web-facesconfig_2_0.xsd">

    <!-- INICIO MANAGED BEANS -->
    <managed-bean>
        <managed-bean-name>componenteModalMB</managed-bean-name>
        <managed-bean-class>br.com.brasilprev.bprcomponentes.web.mb.ModalMB</managed-bean-class>
        <managed-bean-scope>request</managed-bean-scope>
    </managed-bean>
    <managed-bean>
        <managed-bean-name>componenteAutoCompleteMB</managed-bean-name>
        <managed-bean-class>br.com.brasilprev.bprcomponentes.web.mb.AutoCompleteMB</managed-bean-class>
        <managed-bean-scope>session</managed-bean-scope>
    </managed-bean>
    <!-- FIM MANAGED BEANS -->

    <!-- INICIO CONVERSORES -->
    <managed-bean>
        <managed-bean-name>bancoConverter</managed-bean-name>
        <managed-bean-class>br.com.brasilprev.bprcomponentes.web.converter.BancoConverter</managed-bean-class>
        <managed-bean-scope>request</managed-bean-scope>
    </managed-bean>
    <managed-bean>
        <managed-bean-name>cepConverter</managed-bean-name>
        <managed-bean-class>br.com.brasilprev.bprcomponentes.web.converter.CepConverter</managed-bean-class>
        <managed-bean-scope>request</managed-bean-scope>
    </managed-bean>
    <managed-bean>
        <managed-bean-name>cpfConverter</managed-bean-name>
        <managed-bean-class>br.com.brasilprev.bprcomponentes.web.converter.CpfConverter</managed-bean-class>
        <managed-bean-scope>request</managed-bean-scope>
    </managed-bean>
    <managed-bean>
        <managed-bean-name>cnpjConverter</managed-bean-name>
        <managed-bean-class>br.com.brasilprev.bprcomponentes.web.converter.CnpjConverter</managed-bean-class>
        <managed-bean-scope>request</managed-bean-scope>
    </managed-bean>
    <managed-bean>
        <managed-bean-name>fatorAtuarialConverter</managed-bean-name>
        <managed-bean-class>br.com.brasilprev.bprcomponentes.web.converter.FatorAtuarialConverter</managed-bean-class>
        <managed-bean-scope>request</managed-bean-scope>
    </managed-bean>
    <managed-bean>
        <managed-bean-name>indexadorConverter</managed-bean-name>
        <managed-bean-class>br.com.brasilprev.bprcomponentes.web.converter.IndexadorConverter</managed-bean-class>
        <managed-bean-scope>request</managed-bean-scope>
    </managed-bean>
    <managed-bean>
        <managed-bean-name>percentualConverter</managed-bean-name>
        <managed-bean-class>br.com.brasilprev.bprcomponentes.web.converter.PercentualConverter</managed-bean-class>
        <managed-bean-scope>request</managed-bean-scope>
    </managed-bean>
    <managed-bean>
        <managed-bean-name>probabilidadeAtuarialConverter</managed-bean-name>
        <managed-bean-class>br.com.brasilprev.bprcomponentes.web.converter.ProbabilidadeAtuarialConverter</managed-bean-class>
        <managed-bean-scope>request</managed-bean-scope>
    </managed-bean>
    <managed-bean>
        <managed-bean-name>quantidadeCotaConverter</managed-bean-name>
        <managed-bean-class>br.com.brasilprev.bprcomponentes.web.converter.QuantidadeCotaConverter</managed-bean-class>
        <managed-bean-scope>request</managed-bean-scope>
    </managed-bean>
    <managed-bean>
        <managed-bean-name>taxaConverter</managed-bean-name>
        <managed-bean-class>br.com.brasilprev.bprcomponentes.web.converter.TaxaConverter</managed-bean-class>
        <managed-bean-scope>request</managed-bean-scope>
    </managed-bean>
    <managed-bean>
        <managed-bean-name>valorMonetarioConverter</managed-bean-name>
        <managed-bean-class>br.com.brasilprev.bprcomponentes.web.converter.ValorMonetarioConverter</managed-bean-class>
        <managed-bean-scope>request</managed-bean-scope>
    </managed-bean>
    <managed-bean>
        <managed-bean-name>valorCotaConverter</managed-bean-name>
        <managed-bean-class>br.com.brasilprev.bprcomponentes.web.converter.ValorCotaConverter</managed-bean-class>
        <managed-bean-scope>request</managed-bean-scope>
    </managed-bean>
    <managed-bean>
        <managed-bean-name>bigDecimalConverter</managed-bean-name>
        <managed-bean-class>br.com.brasilprev.bprcomponentes.web.converter.BigDecimalConverter</managed-bean-class>
        <managed-bean-scope>request</managed-bean-scope>
    </managed-bean>
    <managed-bean>
        <managed-bean-name>periodoConverter</managed-bean-name>
        <managed-bean-class>br.com.brasilprev.bprcomponentes.web.converter.PeriodoConverter</managed-bean-class>
        <managed-bean-scope>request</managed-bean-scope>
    </managed-bean>
    <!-- FIM CONVERSORES -->    
    
    <!-- INICIO VALIDADORES -->
    <validator>
		<validator-id>notNullValidator</validator-id>
		<validator-class>br.com.brasilprev.bprcomponentes.web.validator.NotNullValidator</validator-class>
    </validator>
    <validator>
        <validator-id>stringVaziaValidator</validator-id>
        <validator-class>br.com.brasilprev.bprcomponentes.web.validator.StringVaziaValidator</validator-class>
    </validator>
    <validator>
        <validator-id>cpfValidator</validator-id>
        <validator-class>br.com.brasilprev.bprcomponentes.web.validator.CpfValidator</validator-class>
    </validator>
    <validator>
        <validator-id>cnpjValidator</validator-id>
        <validator-class>br.com.brasilprev.bprcomponentes.web.validator.CnpjValidator</validator-class>
    </validator>
    <validator>
        <validator-id>periodoValidator</validator-id>
        <validator-class>br.com.brasilprev.bprcomponentes.web.validator.PeriodoValidator</validator-class>
    </validator>
    <!-- FIM VALIDADORES -->
</faces-config>
